--------------------------------------------------------------------------------
-- Insere usuários
--------------------------------------------------------------------------------
INSERT INTO users (id, name, email, password_hash)
VALUES
  ('00000000-0000-0000-0000-000000000001', 'Bruno', 'bruno@example.com', 'hash_bruno'),
  ('00000000-0000-0000-0000-000000000002', 'Tacy', 'tacy@example.com', 'hash_tacy');

--------------------------------------------------------------------------------
-- Insere moeda (BRL)
--------------------------------------------------------------------------------
INSERT INTO currencies (id, code, name, conversion_rate)
VALUES
  ('00000000-0000-0000-0000-000000000010', 'BRL', 'Brazilian Real', 1.0);

--------------------------------------------------------------------------------
-- Insere contas para cada usuário
--------------------------------------------------------------------------------
INSERT INTO accounts (id, user_id, currency_id, name)
VALUES
  ('00000000-0000-0000-0000-000000000011', '00000000-0000-0000-0000-000000000001', '00000000-0000-0000-0000-000000000010', 'Conta Corrente Bruno'),
  ('00000000-0000-0000-0000-000000000012', '00000000-0000-0000-0000-000000000002', '00000000-0000-0000-0000-000000000010', 'Conta Corrente Tacy');

--------------------------------------------------------------------------------
-- Insere Centros de Custo (conforme coluna "Centro de Custo" do excel)
--------------------------------------------------------------------------------
INSERT INTO cost_centers (id, name, description)
VALUES
  ('30000000-0000-0000-0000-000000000001', 'Receita', 'Centro de Custo Receita'),
  ('30000000-0000-0000-0000-000000000002', 'Moradia', 'Centro de Custo Moradia'),
  ('30000000-0000-0000-0000-000000000003', 'Alimentação', 'Centro de Custo Alimentação'),
  ('30000000-0000-0000-0000-000000000004', 'Pets', 'Centro de Custo Pets'),
  ('30000000-0000-0000-0000-000000000005', 'Lazer e Entretenimento', 'Centro de Custo Lazer e Entretenimento'),
  ('30000000-0000-0000-0000-000000000006', 'Tecnologia', 'Centro de Custo Tecnologia'),
  ('30000000-0000-0000-0000-000000000007', 'Saúde e Bem-estar', 'Centro de Custo Saúde e Bem-estar'),
  ('30000000-0000-0000-0000-000000000008', 'Transporte', 'Centro de Custo Transporte'),
  ('30000000-0000-0000-0000-000000000009', 'Investimentos e Poupança', 'Centro de Custo Investimentos e Poupança'),
  ('30000000-0000-0000-0000-00000000000a', 'Educação', 'Centro de Custo Educação');

--------------------------------------------------------------------------------
-- Insere Categorias para cada usuário
--------------------------------------------------------------------------------
-- Categorias do Bruno
INSERT INTO categories (id, user_id, name, type)
VALUES
  ('40000000-0000-0000-0000-000000000001', '00000000-0000-0000-0000-000000000001', 'Trabalho', 'income'),
  ('40000000-0000-0000-0000-000000000002', '00000000-0000-0000-0000-000000000001', 'Moradia', 'expense'),
  ('40000000-0000-0000-0000-000000000003', '00000000-0000-0000-0000-000000000001', 'Água e Esgoto', 'expense'),
  ('40000000-0000-0000-0000-000000000004', '00000000-0000-0000-0000-000000000001', 'Internet e TV', 'expense'),
  ('40000000-0000-0000-0000-000000000005', '00000000-0000-0000-0000-000000000001', 'Compras Mensais', 'expense'),
  ('40000000-0000-0000-0000-000000000006', '00000000-0000-0000-0000-000000000001', 'Streaming', 'expense'),
  ('40000000-0000-0000-0000-000000000007', '00000000-0000-0000-0000-000000000001', 'Atividades Físicas', 'expense'),
  ('40000000-0000-0000-0000-000000000008', '00000000-0000-0000-0000-000000000001', 'Combustível', 'expense'),
  ('40000000-0000-0000-0000-000000000009', '00000000-0000-0000-0000-000000000001', 'Impostos e Taxas', 'expense'),
  ('40000000-0000-0000-0000-00000000000a', '00000000-0000-0000-0000-000000000001', 'Renda Fixa', 'expense'),
  ('40000000-0000-0000-0000-00000000000b', '00000000-0000-0000-0000-000000000001', 'Cursos e Aperfeiçoamento', 'expense'),
  ('40000000-0000-0000-0000-00000000000c', '00000000-0000-0000-0000-000000000001', 'Despesas Variadas', 'expense'),
  ('40000000-0000-0000-0000-00000000000d', '00000000-0000-0000-0000-000000000001', 'Transporte', 'expense');

-- Categorias do Tacy
INSERT INTO categories (id, user_id, name, type)
VALUES
  ('50000000-0000-0000-0000-000000000001', '00000000-0000-0000-0000-000000000002', 'Trabalho', 'income'),
  ('50000000-0000-0000-0000-000000000002', '00000000-0000-0000-0000-000000000002', 'Energia Elétrica', 'expense'),
  ('50000000-0000-0000-0000-000000000003', '00000000-0000-0000-0000-000000000002', 'Impostos e Taxas', 'expense'),
  ('50000000-0000-0000-0000-000000000004', '00000000-0000-0000-0000-000000000002', 'Alimentação', 'expense'),
  ('50000000-0000-0000-0000-000000000005', '00000000-0000-0000-0000-000000000002', 'Armazenamento em Nuvem', 'expense'),
  ('50000000-0000-0000-0000-000000000006', '00000000-0000-0000-0000-000000000002', 'Streaming', 'expense'),
  ('50000000-0000-0000-0000-000000000007', '00000000-0000-0000-0000-000000000002', 'Seguro Saúde', 'expense'),
  ('50000000-0000-0000-0000-000000000008', '00000000-0000-0000-0000-000000000002', 'Passagem', 'expense'),
  ('50000000-0000-0000-0000-000000000009', '00000000-0000-0000-0000-000000000002', 'Poupança', 'expense'),
  ('50000000-0000-0000-0000-00000000000a', '00000000-0000-0000-0000-000000000002', 'Despesas Variadas', 'expense'),
  ('50000000-0000-0000-0000-00000000000b', '00000000-0000-0000-0000-000000000002', 'Transporte', 'expense');

--------------------------------------------------------------------------------
-- Insere Recorrências (conforme “Recorrencia” do excel, iniciando em 2025-01-01)
--------------------------------------------------------------------------------
-- Recorrências do Bruno
INSERT INTO recurrences (id, user_id, frequency_type, interval, start_date, end_date, auto_generate)
VALUES
  ('10000000-0000-0000-0000-000000000001', '00000000-0000-0000-0000-000000000001', 'monthly', 1, '2025-01-01', '2025-12-31', false), -- Salário
  ('10000000-0000-0000-0000-000000000002', '00000000-0000-0000-0000-000000000001', 'monthly', 1, '2025-01-01', '2025-12-31', false), -- Aluguel
  ('10000000-0000-0000-0000-000000000003', '00000000-0000-0000-0000-000000000001', 'monthly', 1, '2025-01-01', '2025-12-31', false), -- Conta de Água
  ('10000000-0000-0000-0000-000000000004', '00000000-0000-0000-0000-000000000001', 'monthly', 1, '2025-01-01', '2025-12-31', false), -- Internet
  ('10000000-0000-0000-0000-000000000005', '00000000-0000-0000-0000-000000000001', 'monthly', 1, '2025-01-01', '2025-12-31', false), -- Supermercado
  ('10000000-0000-0000-0000-000000000006', '00000000-0000-0000-0000-000000000001', 'monthly', 1, '2025-01-01', '2025-12-31', false), -- Netflix
  ('10000000-0000-0000-0000-000000000007', '00000000-0000-0000-0000-000000000001', 'monthly', 1, '2025-01-01', '2025-12-31', false), -- Academia
  ('10000000-0000-0000-0000-000000000008', '00000000-0000-0000-0000-000000000001', 'monthly', 1, '2025-01-01', '2025-12-31', false), -- Gasolina
  ('10000000-0000-0000-0000-000000000009', '00000000-0000-0000-0000-000000000001', 'yearly', 1, '2025-01-01', '2025-12-31', false),  -- IPVA
  ('10000000-0000-0000-0000-00000000000a', '00000000-0000-0000-0000-000000000001', 'monthly', 1, '2025-01-01', '2025-12-31', false), -- Investimento Tesouro
  ('10000000-0000-0000-0000-00000000000b', '00000000-0000-0000-0000-000000000001', 'monthly', 1, '2025-01-01', '2025-12-31', false); -- Curso Online

-- Recorrências do Tacy
INSERT INTO recurrences (id, user_id, frequency_type, interval, start_date, end_date, auto_generate)
VALUES
  ('20000000-0000-0000-0000-000000000001', '00000000-0000-0000-0000-000000000002', 'monthly', 1, '2025-01-01', '2025-12-31', false), -- Salário
  ('20000000-0000-0000-0000-000000000002', '00000000-0000-0000-0000-000000000002', 'monthly', 1, '2025-01-01', '2025-12-31', false), -- Conta de Luz
  ('20000000-0000-0000-0000-000000000003', '00000000-0000-0000-0000-000000000002', 'monthly', 3, '2025-01-01', '2025-12-31', false), -- Taxa de Lixo (trimestral)
  ('20000000-0000-0000-0000-000000000004', '00000000-0000-0000-0000-000000000002', 'monthly', 1, '2025-01-01', '2025-12-31', false), -- Ração e Petiscos
  ('20000000-0000-0000-0000-000000000005', '00000000-0000-0000-0000-000000000002', 'monthly', 1, '2025-01-01', '2025-12-31', false), -- Google One
  ('20000000-0000-0000-0000-000000000006', '00000000-0000-0000-0000-000000000002', 'monthly', 1, '2025-01-01', '2025-12-31', false), -- YouTube Premium
  ('20000000-0000-0000-0000-000000000007', '00000000-0000-0000-0000-000000000002', 'monthly', 1, '2025-01-01', '2025-12-31', false), -- Plano de Saúde
  ('20000000-0000-0000-0000-000000000008', '00000000-0000-0000-0000-000000000002', 'monthly', 1, '2025-01-01', '2025-12-31', false), -- Transporte Público
  ('20000000-0000-0000-0000-000000000009', '00000000-0000-0000-0000-000000000002', 'monthly', 1, '2025-01-01', '2025-12-31', false); -- Reserva de Emergência

--------------------------------------------------------------------------------
-- Insere Transações para os itens recorrentes (simulando ocorrências em janeiro e fevereiro de 2025)
--------------------------------------------------------------------------------
-- Transações do Bruno
-- Bruno Salário – categoria “Trabalho” (income)
INSERT INTO transactions (id, user_id, account_id, category_id, recurrence_id, type, amount, due_date, payment_date, description)
VALUES
  (uuid_generate_v4(), '00000000-0000-0000-0000-000000000001', '00000000-0000-0000-0000-000000000011', '40000000-0000-0000-0000-000000000001', '10000000-0000-0000-0000-000000000001', 'income', 3200.00, '2025-01-07', '2025-01-07', 'Salário de Janeiro'),
  (uuid_generate_v4(), '00000000-0000-0000-0000-000000000001', '00000000-0000-0000-0000-000000000011', '40000000-0000-0000-0000-000000000001', '10000000-0000-0000-0000-000000000001', 'income', 3200.00, '2025-02-07', '2025-02-07', 'Salário de Fevereiro');

-- Bruno Aluguel – categoria “Moradia” (expense)
INSERT INTO transactions (id, user_id, account_id, category_id, recurrence_id, type, amount, due_date, payment_date, description)
VALUES
  (uuid_generate_v4(), '00000000-0000-0000-0000-000000000001', '00000000-0000-0000-0000-000000000011', '40000000-0000-0000-0000-000000000002', '10000000-0000-0000-0000-000000000002', 'expense', 1200.00, '2025-01-10', '2025-01-10', 'Aluguel de Janeiro'),
  (uuid_generate_v4(), '00000000-0000-0000-0000-000000000001', '00000000-0000-0000-0000-000000000011', '40000000-0000-0000-0000-000000000002', '10000000-0000-0000-0000-000000000002', 'expense', 1200.00, '2025-02-10', '2025-02-10', 'Aluguel de Fevereiro');

-- Bruno Conta de Água – categoria “Água e Esgoto” (expense)
INSERT INTO transactions (id, user_id, account_id, category_id, recurrence_id, type, amount, due_date, payment_date, description)
VALUES
  (uuid_generate_v4(), '00000000-0000-0000-0000-000000000001', '00000000-0000-0000-0000-000000000011', '40000000-0000-0000-0000-000000000003', '10000000-0000-0000-0000-000000000003', 'expense', 40.00, '2025-01-10', '2025-01-10', 'Conta de Água de Janeiro'),
  (uuid_generate_v4(), '00000000-0000-0000-0000-000000000001', '00000000-0000-0000-0000-000000000011', '40000000-0000-0000-0000-000000000003', '10000000-0000-0000-0000-000000000003', 'expense', 40.00, '2025-02-10', '2025-02-10', 'Conta de Água de Fevereiro');

-- Bruno Internet – categoria “Internet e TV” (expense)
INSERT INTO transactions (id, user_id, account_id, category_id, recurrence_id, type, amount, due_date, payment_date, description)
VALUES
  (uuid_generate_v4(), '00000000-0000-0000-0000-000000000001', '00000000-0000-0000-0000-000000000011', '40000000-0000-0000-0000-000000000004', '10000000-0000-0000-0000-000000000004', 'expense', 115.75, '2025-01-10', '2025-01-10', 'Internet de Janeiro'),
  (uuid_generate_v4(), '00000000-0000-0000-0000-000000000001', '00000000-0000-0000-0000-000000000011', '40000000-0000-0000-0000-000000000004', '10000000-0000-0000-0000-000000000004', 'expense', 115.75, '2025-02-10', '2025-02-10', 'Internet de Fevereiro');

-- Bruno Supermercado – categoria “Compras Mensais” (expense)
INSERT INTO transactions (id, user_id, account_id, category_id, recurrence_id, type, amount, due_date, payment_date, description)
VALUES
  (uuid_generate_v4(), '00000000-0000-0000-0000-000000000001', '00000000-0000-0000-0000-000000000011', '40000000-0000-0000-0000-000000000005', '10000000-0000-0000-0000-000000000005', 'expense', 650.00, '2025-01-15', '2025-01-15', 'Supermercado de Janeiro'),
  (uuid_generate_v4(), '00000000-0000-0000-0000-000000000001', '00000000-0000-0000-0000-000000000011', '40000000-0000-0000-0000-000000000005', '10000000-0000-0000-0000-000000000005', 'expense', 650.00, '2025-02-15', '2025-02-15', 'Supermercado de Fevereiro');

-- Bruno Netflix – categoria “Streaming” (expense)
INSERT INTO transactions (id, user_id, account_id, category_id, recurrence_id, type, amount, due_date, payment_date, description)
VALUES
  (uuid_generate_v4(), '00000000-0000-0000-0000-000000000001', '00000000-0000-0000-0000-000000000011', '40000000-0000-0000-0000-000000000006', '10000000-0000-0000-0000-000000000006', 'expense', 35.00, '2025-01-10', '2025-01-10', 'Netflix de Janeiro'),
  (uuid_generate_v4(), '00000000-0000-0000-0000-000000000001', '00000000-0000-0000-0000-000000000011', '40000000-0000-0000-0000-000000000006', '10000000-0000-0000-0000-000000000006', 'expense', 35.00, '2025-02-10', '2025-02-10', 'Netflix de Fevereiro');

-- Bruno Academia – categoria “Atividades Físicas” (expense)
INSERT INTO transactions (id, user_id, account_id, category_id, recurrence_id, type, amount, due_date, payment_date, description)
VALUES
  (uuid_generate_v4(), '00000000-0000-0000-0000-000000000001', '00000000-0000-0000-0000-000000000011', '40000000-0000-0000-0000-000000000007', '10000000-0000-0000-0000-000000000007', 'expense', 120.00, '2025-01-05', '2025-01-05', 'Academia de Janeiro'),
  (uuid_generate_v4(), '00000000-0000-0000-0000-000000000001', '00000000-0000-0000-0000-000000000011', '40000000-0000-0000-0000-000000000007', '10000000-0000-0000-0000-000000000007', 'expense', 120.00, '2025-02-05', '2025-02-05', 'Academia de Fevereiro');

-- Bruno Gasolina – categoria “Combustível” (expense)
INSERT INTO transactions (id, user_id, account_id, category_id, recurrence_id, type, amount, due_date, payment_date, description)
VALUES
  (uuid_generate_v4(), '00000000-0000-0000-0000-000000000001', '00000000-0000-0000-0000-000000000011', '40000000-0000-0000-0000-000000000008', '10000000-0000-0000-0000-000000000008', 'expense', 300.00, '2025-01-20', '2025-01-20', 'Gasolina de Janeiro'),
  (uuid_generate_v4(), '00000000-0000-0000-0000-000000000001', '00000000-0000-0000-0000-000000000011', '40000000-0000-0000-0000-000000000008', '10000000-0000-0000-0000-000000000008', 'expense', 300.00, '2025-02-20', '2025-02-20', 'Gasolina de Fevereiro');

-- Bruno IPVA – categoria “Impostos e Taxas” (expense) – única ocorrência (anual)
INSERT INTO transactions (id, user_id, account_id, category_id, recurrence_id, type, amount, due_date, payment_date, description)
VALUES
  (uuid_generate_v4(), '00000000-0000-0000-0000-000000000001', '00000000-0000-0000-0000-000000000011', '40000000-0000-0000-0000-000000000009', '10000000-0000-0000-0000-000000000009', 'expense', 1200.00, '2025-01-10', '2025-01-10', 'IPVA de 2025');

-- Bruno Investimento Tesouro – categoria “Renda Fixa” (expense)
INSERT INTO transactions (id, user_id, account_id, category_id, recurrence_id, type, amount, due_date, payment_date, description)
VALUES
  (uuid_generate_v4(), '00000000-0000-0000-0000-000000000001', '00000000-0000-0000-0000-000000000011', '40000000-0000-0000-0000-00000000000a', '10000000-0000-0000-0000-00000000000a', 'expense', 500.00, '2025-01-30', '2025-01-30', 'Investimento Tesouro de Janeiro'),
  (uuid_generate_v4(), '00000000-0000-0000-0000-000000000001', '00000000-0000-0000-0000-000000000011', '40000000-0000-0000-0000-00000000000a', '10000000-0000-0000-0000-00000000000a', 'expense', 500.00, '2025-02-28', '2025-02-28', 'Investimento Tesouro de Fevereiro');

-- Bruno Curso Online – categoria “Cursos e Aperfeiçoamento” (expense)
INSERT INTO transactions (id, user_id, account_id, category_id, recurrence_id, type, amount, due_date, payment_date, description)
VALUES
  (uuid_generate_v4(), '00000000-0000-0000-0000-000000000001', '00000000-0000-0000-0000-000000000011', '40000000-0000-0000-0000-00000000000b', '10000000-0000-0000-0000-00000000000b', 'expense', 80.00, '2025-01-05', '2025-01-05', 'Curso Online de Janeiro'),
  (uuid_generate_v4(), '00000000-0000-0000-0000-000000000001', '00000000-0000-0000-0000-000000000011', '40000000-0000-0000-0000-00000000000b', '10000000-0000-0000-0000-00000000000b', 'expense', 80.00, '2025-02-05', '2025-02-05', 'Curso Online de Fevereiro');

--------------------------------------------------------------------------------
-- Transações aleatórias (não recorrentes) – Bruno
-- Usando categoria “Despesas Variadas” (id = 40000000-0000-0000-0000-00000000000c)
--------------------------------------------------------------------------------
INSERT INTO transactions (id, user_id, account_id, category_id, type, amount, due_date, payment_date, description)
VALUES
  (uuid_generate_v4(), '00000000-0000-0000-0000-000000000001', '00000000-0000-0000-0000-000000000011', '40000000-0000-0000-0000-00000000000c', 'expense', 15.00, '2025-01-08', '2025-01-08', 'Cigarro'),
  (uuid_generate_v4(), '00000000-0000-0000-0000-000000000001', '00000000-0000-0000-0000-000000000011', '40000000-0000-0000-0000-00000000000c', 'expense', 10.00, '2025-01-12', '2025-01-12', 'Chocolate'),
  (uuid_generate_v4(), '00000000-0000-0000-0000-000000000001', '00000000-0000-0000-0000-000000000011', '40000000-0000-0000-0000-00000000000c', 'expense', 25.00, '2025-01-20', '2025-01-20', 'Uber'),
  (uuid_generate_v4(), '00000000-0000-0000-0000-000000000001', '00000000-0000-0000-0000-000000000011', '40000000-0000-0000-0000-00000000000c', 'expense', 20.00, '2025-01-25', '2025-01-25', 'Recarga de Celular'),
  (uuid_generate_v4(), '00000000-0000-0000-0000-000000000001', '00000000-0000-0000-0000-000000000011', '40000000-0000-0000-0000-00000000000c', 'expense', 80.00, '2025-02-05', '2025-02-05', 'Restaurante'),
  (uuid_generate_v4(), '00000000-0000-0000-0000-000000000001', '00000000-0000-0000-0000-000000000011', '40000000-0000-0000-0000-00000000000c', 'expense', 250.00, '2025-02-15', '2025-02-15', 'Instalação de Ar Condicionado');

--------------------------------------------------------------------------------
-- Transações aleatórias (não recorrentes) – Tacy
-- Usando categoria “Despesas Variadas” (id = 50000000-0000-0000-0000-00000000000a)
--------------------------------------------------------------------------------
INSERT INTO transactions (id, user_id, account_id, category_id, type, amount, due_date, payment_date, description)
VALUES
  (uuid_generate_v4(), '00000000-0000-0000-0000-000000000002', '00000000-0000-0000-0000-000000000012', '50000000-0000-0000-0000-00000000000a', 'expense', 12.00, '2025-01-10', '2025-01-10', 'Chocolate'),
  (uuid_generate_v4(), '00000000-0000-0000-0000-000000000002', '00000000-0000-0000-0000-000000000012', '50000000-0000-0000-0000-00000000000a', 'expense', 30.00, '2025-01-18', '2025-01-18', 'Uber'),
  (uuid_generate_v4(), '00000000-0000-0000-0000-000000000002', '00000000-0000-0000-0000-000000000012', '50000000-0000-0000-0000-00000000000a', 'expense', 15.00, '2025-02-03', '2025-02-03', 'Recarga de Celular'),
  (uuid_generate_v4(), '00000000-0000-0000-0000-000000000002', '00000000-0000-0000-0000-000000000012', '50000000-0000-0000-0000-00000000000a', 'expense', 70.00, '2025-02-10', '2025-02-10', 'Restaurante');

--------------------------------------------------------------------------------
-- Insere Purchase Requests (estudos de compra)
--------------------------------------------------------------------------------
INSERT INTO purchase_requests (id, user_id, title, description, criteria, request_date, status)
VALUES
  ('60000000-0000-0000-0000-000000000001', '00000000-0000-0000-0000-000000000001', 'Compra de Micro-ondas', 'Estudo de compra de micro-ondas', '{"brand": "Electrolux", "price_range": "300-500"}', '2025-01-15', 'open'),
  ('60000000-0000-0000-0000-000000000002', '00000000-0000-0000-0000-000000000002', 'Compra de Aspirador de Pó', 'Estudo de compra de aspirador de pó', '{"brand": "Dyson", "price_range": "300-400"}', '2025-01-20', 'open'),
  ('60000000-0000-0000-0000-000000000003', '00000000-0000-0000-0000-000000000001', 'Compra de Pneu de Carro', 'Estudo de compra de pneu de carro', '{"brand": "Pirelli", "price_range": "700-900"}', '2025-01-25', 'open');

--------------------------------------------------------------------------------
-- Insere Suppliers
--------------------------------------------------------------------------------
INSERT INTO suppliers (id, name, contact_info, notes)
VALUES
  ('70000000-0000-0000-0000-000000000001', 'Fornecedor A', 'contato@fornecedora.com', 'Principal fornecedor.'),
  ('70000000-0000-0000-0000-000000000002', 'Fornecedor B', 'contato@fornecedorb.com', 'Segunda opção.'),
  ('70000000-0000-0000-0000-000000000003', 'Fornecedor C', 'contato@fornecedorc.com', 'Oferta especial.');

--------------------------------------------------------------------------------
-- Insere Purchase Quotes
--------------------------------------------------------------------------------
-- Para Micro-ondas
INSERT INTO purchase_quotes (id, purchase_request_id, supplier_id, quoted_price, details)
VALUES
  ('80000000-0000-0000-0000-000000000001', '60000000-0000-0000-0000-000000000001', '70000000-0000-0000-0000-000000000001', 450.00, 'Modelo standard.'),
  ('80000000-0000-0000-0000-000000000002', '60000000-0000-0000-0000-000000000001', '70000000-0000-0000-0000-000000000002', 430.00, 'Promoção vigente.');

-- Para Aspirador de Pó
INSERT INTO purchase_quotes (id, purchase_request_id, supplier_id, quoted_price, details)
VALUES
  ('80000000-0000-0000-0000-000000000003', '60000000-0000-0000-0000-000000000002', '70000000-0000-0000-0000-000000000002', 350.00, 'Eficiente para poeira.');

-- Para Pneu de Carro
INSERT INTO purchase_quotes (id, purchase_request_id, supplier_id, quoted_price, details)
VALUES
  ('80000000-0000-0000-0000-000000000004', '60000000-0000-0000-0000-000000000003', '70000000-0000-0000-0000-000000000001', 800.00, 'Pneu durável.'),
  ('80000000-0000-0000-0000-000000000005', '60000000-0000-0000-0000-000000000003', '70000000-0000-0000-0000-000000000003', 750.00, 'Melhor custo-benefício.');

--------------------------------------------------------------------------------
-- Insere Budget Plans
--------------------------------------------------------------------------------
INSERT INTO budget_plans (id, user_id, category_id, amount, period, start_date, end_date)
VALUES
  (uuid_generate_v4(), '00000000-0000-0000-0000-000000000001', '40000000-0000-0000-0000-000000000002', 1200.00, 'monthly', '2025-01-01', '2025-12-31'), -- Bruno – Aluguel
  (uuid_generate_v4(), '00000000-0000-0000-0000-000000000002', '50000000-0000-0000-0000-000000000002', 240.00, 'monthly', '2025-01-01', '2025-12-31'),  -- Tacy – Conta de Luz
  (uuid_generate_v4(), '00000000-0000-0000-0000-000000000001', '40000000-0000-0000-0000-00000000000a', 500.00, 'monthly', '2025-01-01', '2025-12-31'); -- Bruno – Investimento Tesouro
